runNumber,index1Sequence,sortedAlignment,readCounts,htseqLog,novoalignLog,novosortLog
4112,CGAAAGTATC,/lts/mblab/Crypto/rnaseq_data/align_expr/run_4112/Brent_ZeV_18_GTAC_57_SIC_Index07_CGAAAGTATC_GAGTTGGT_S71_L001_R1_001_sorted_aligned_reads.bam,/lts/mblab/Crypto/rnaseq_data/align_expr/run_4112/Brent_ZeV_18_GTAC_57_SIC_Index07_CGAAAGTATC_GAGTTGGT_S71_L001_R1_001_read_count.tsv,/lts/mblab/Crypto/rnaseq_data/align_expr/run_4112/Brent_ZeV_18_GTAC_57_SIC_Index07_CGAAAGTATC_GAGTTGGT_S71_L001_R1_001_htseq.log,/lts/mblab/Crypto/rnaseq_data/align_expr/run_4112/Brent_ZeV_18_GTAC_57_SIC_Index07_CGAAAGTATC_GAGTTGGT_S71_L001_R1_001_novoalign.log,/lts/mblab/Crypto/rnaseq_data/align_expr/run_4112/Brent_ZeV_18_GTAC_57_SIC_Index07_CGAAAGTATC_GAGTTGGT_S71_L001_R1_001_novosort.log
4112,GCCTCCCATC,/lts/mblab/Crypto/rnaseq_data/align_expr/run_4112/Brent_ZeV_19_GTAC_58_SIC_Index07_GCCTCCCATC_GAGTTGGT_S72_L001_R1_001_sorted_aligned_reads.bam,/lts/mblab/Crypto/rnaseq_data/align_expr/run_4112/Brent_ZeV_19_GTAC_58_SIC_Index07_GCCTCCCATC_GAGTTGGT_S72_L001_R1_001_read_count.tsv,/lts/mblab/Crypto/rnaseq_data/align_expr/run_4112/Brent_ZeV_19_GTAC_58_SIC_Index07_GCCTCCCATC_GAGTTGGT_S72_L001_R1_001_htseq.log,/lts/mblab/Crypto/rnaseq_data/align_expr/run_4112/Brent_ZeV_19_GTAC_58_SIC_Index07_GCCTCCCATC_GAGTTGGT_S72_L001_R1_001_novoalign.log,/lts/mblab/Crypto/rnaseq_data/align_expr/run_4112/Brent_ZeV_19_GTAC_58_SIC_Index07_GCCTCCCATC_GAGTTGGT_S72_L001_R1_001_novosort.log
4112,TGCTGGGATC,/lts/mblab/Crypto/rnaseq_data/align_expr/run_4112/Brent_ZeV_26_GTAC_65_SIC_Index07_TGCTGGGATC_GAGTTGGT_S79_L001_R1_001_sorted_aligned_reads.bam,/lts/mblab/Crypto/rnaseq_data/align_expr/run_4112/Brent_ZeV_26_GTAC_65_SIC_Index07_TGCTGGGATC_GAGTTGGT_S79_L001_R1_001_read_count.tsv,/lts/mblab/Crypto/rnaseq_data/align_expr/run_4112/Brent_ZeV_26_GTAC_65_SIC_Index07_TGCTGGGATC_GAGTTGGT_S79_L001_R1_001_htseq.log,/lts/mblab/Crypto/rnaseq_data/align_expr/run_4112/Brent_ZeV_26_GTAC_65_SIC_Index07_TGCTGGGATC_GAGTTGGT_S79_L001_R1_001_novoalign.log,/lts/mblab/Crypto/rnaseq_data/align_expr/run_4112/Brent_ZeV_26_GTAC_65_SIC_Index07_TGCTGGGATC_GAGTTGGT_S79_L001_R1_001_novosort.log
4112,CTGCAATATC,/lts/mblab/Crypto/rnaseq_data/align_expr/run_4112/Brent_ZeV_21_GTAC_60_SIC_Index07_CTGCAATATC_GAGTTGGT_S74_L001_R1_001_sorted_aligned_reads.bam,/lts/mblab/Crypto/rnaseq_data/align_expr/run_4112/Brent_ZeV_21_GTAC_60_SIC_Index07_CTGCAATATC_GAGTTGGT_S74_L001_R1_001_read_count.tsv,/lts/mblab/Crypto/rnaseq_data/align_expr/run_4112/Brent_ZeV_21_GTAC_60_SIC_Index07_CTGCAATATC_GAGTTGGT_S74_L001_R1_001_htseq.log,/lts/mblab/Crypto/rnaseq_data/align_expr/run_4112/Brent_ZeV_21_GTAC_60_SIC_Index07_CTGCAATATC_GAGTTGGT_S74_L001_R1_001_novoalign.log,/lts/mblab/Crypto/rnaseq_data/align_expr/run_4112/Brent_ZeV_21_GTAC_60_SIC_Index07_CTGCAATATC_GAGTTGGT_S74_L001_R1_001_novosort.log
4112,GCCGTTTATC,/lts/mblab/Crypto/rnaseq_data/align_expr/run_4112/Brent_ZeV_13_GTAC_52_SIC_Index07_GCCGTTTATC_GAGTTGGT_S66_L001_R1_001_sorted_aligned_reads.bam,/lts/mblab/Crypto/rnaseq_data/align_expr/run_4112/Brent_ZeV_13_GTAC_52_SIC_Index07_GCCGTTTATC_GAGTTGGT_S66_L001_R1_001_read_count.tsv,/lts/mblab/Crypto/rnaseq_data/align_expr/run_4112/Brent_ZeV_13_GTAC_52_SIC_Index07_GCCGTTTATC_GAGTTGGT_S66_L001_R1_001_htseq.log,/lts/mblab/Crypto/rnaseq_data/align_expr/run_4112/Brent_ZeV_13_GTAC_52_SIC_Index07_GCCGTTTATC_GAGTTGGT_S66_L001_R1_001_novoalign.log,/lts/mblab/Crypto/rnaseq_data/align_expr/run_4112/Brent_ZeV_13_GTAC_52_SIC_Index07_GCCGTTTATC_GAGTTGGT_S66_L001_R1_001_novosort.log
4112,AACGGAGATC,/lts/mblab/Crypto/rnaseq_data/align_expr/run_4112/Brent_ZeV_5_GTAC_44_SIC_Index07_AACGGAGATC_GAGTTGGT_S58_L001_R1_001_sorted_aligned_reads.bam,/lts/mblab/Crypto/rnaseq_data/align_expr/run_4112/Brent_ZeV_5_GTAC_44_SIC_Index07_AACGGAGATC_GAGTTGGT_S58_L001_R1_001_read_count.tsv,/lts/mblab/Crypto/rnaseq_data/align_expr/run_4112/Brent_ZeV_5_GTAC_44_SIC_Index07_AACGGAGATC_GAGTTGGT_S58_L001_R1_001_htseq.log,/lts/mblab/Crypto/rnaseq_data/align_expr/run_4112/Brent_ZeV_5_GTAC_44_SIC_Index07_AACGGAGATC_GAGTTGGT_S58_L001_R1_001_novoalign.log,/lts/mblab/Crypto/rnaseq_data/align_expr/run_4112/Brent_ZeV_5_GTAC_44_SIC_Index07_AACGGAGATC_GAGTTGGT_S58_L001_R1_001_novosort.log
4112,AGTTATGATC,/lts/mblab/Crypto/rnaseq_data/align_expr/run_4112/Brent_ZeV_20_GTAC_59_SIC_Index07_AGTTATGATC_GAGTTGGT_S73_L001_R1_001_sorted_aligned_reads.bam,/lts/mblab/Crypto/rnaseq_data/align_expr/run_4112/Brent_ZeV_20_GTAC_59_SIC_Index07_AGTTATGATC_GAGTTGGT_S73_L001_R1_001_read_count.tsv,/lts/mblab/Crypto/rnaseq_data/align_expr/run_4112/Brent_ZeV_20_GTAC_59_SIC_Index07_AGTTATGATC_GAGTTGGT_S73_L001_R1_001_htseq.log,/lts/mblab/Crypto/rnaseq_data/align_expr/run_4112/Brent_ZeV_20_GTAC_59_SIC_Index07_AGTTATGATC_GAGTTGGT_S73_L001_R1_001_novoalign.log,/lts/mblab/Crypto/rnaseq_data/align_expr/run_4112/Brent_ZeV_20_GTAC_59_SIC_Index07_AGTTATGATC_GAGTTGGT_S73_L001_R1_001_novosort.log
4112,GGTGAATATC,/lts/mblab/Crypto/rnaseq_data/align_expr/run_4112/Brent_ZeV_7_GTAC_46_SIC_Index07_GGTGAATATC_GAGTTGGT_S60_L001_R1_001_sorted_aligned_reads.bam,/lts/mblab/Crypto/rnaseq_data/align_expr/run_4112/Brent_ZeV_7_GTAC_46_SIC_Index07_GGTGAATATC_GAGTTGGT_S60_L001_R1_001_read_count.tsv,/lts/mblab/Crypto/rnaseq_data/align_expr/run_4112/Brent_ZeV_7_GTAC_46_SIC_Index07_GGTGAATATC_GAGTTGGT_S60_L001_R1_001_htseq.log,/lts/mblab/Crypto/rnaseq_data/align_expr/run_4112/Brent_ZeV_7_GTAC_46_SIC_Index07_GGTGAATATC_GAGTTGGT_S60_L001_R1_001_novoalign.log,/lts/mblab/Crypto/rnaseq_data/align_expr/run_4112/Brent_ZeV_7_GTAC_46_SIC_Index07_GGTGAATATC_GAGTTGGT_S60_L001_R1_001_novosort.log
4112,GATAGTTATC,/lts/mblab/Crypto/rnaseq_data/align_expr/run_4112/Brent_ZeV_6_GTAC_45_SIC_Index07_GATAGTTATC_GAGTTGGT_S59_L001_R1_001_sorted_aligned_reads.bam,/lts/mblab/Crypto/rnaseq_data/align_expr/run_4112/Brent_ZeV_6_GTAC_45_SIC_Index07_GATAGTTATC_GAGTTGGT_S59_L001_R1_001_read_count.tsv,/lts/mblab/Crypto/rnaseq_data/align_expr/run_4112/Brent_ZeV_6_GTAC_45_SIC_Index07_GATAGTTATC_GAGTTGGT_S59_L001_R1_001_htseq.log,/lts/mblab/Crypto/rnaseq_data/align_expr/run_4112/Brent_ZeV_6_GTAC_45_SIC_Index07_GATAGTTATC_GAGTTGGT_S59_L001_R1_001_novoalign.log,/lts/mblab/Crypto/rnaseq_data/align_expr/run_4112/Brent_ZeV_6_GTAC_45_SIC_Index07_GATAGTTATC_GAGTTGGT_S59_L001_R1_001_novosort.log
4112,CAATATCATC,/lts/mblab/Crypto/rnaseq_data/align_expr/run_4112/Brent_ZeV_11_GTAC_50_SIC_Index07_CAATATCATC_GAGTTGGT_S64_L001_R1_001_sorted_aligned_reads.bam,/lts/mblab/Crypto/rnaseq_data/align_expr/run_4112/Brent_ZeV_11_GTAC_50_SIC_Index07_CAATATCATC_GAGTTGGT_S64_L001_R1_001_read_count.tsv,/lts/mblab/Crypto/rnaseq_data/align_expr/run_4112/Brent_ZeV_11_GTAC_50_SIC_Index07_CAATATCATC_GAGTTGGT_S64_L001_R1_001_htseq.log,/lts/mblab/Crypto/rnaseq_data/align_expr/run_4112/Brent_ZeV_11_GTAC_50_SIC_Index07_CAATATCATC_GAGTTGGT_S64_L001_R1_001_novoalign.log,/lts/mblab/Crypto/rnaseq_data/align_expr/run_4112/Brent_ZeV_11_GTAC_50_SIC_Index07_CAATATCATC_GAGTTGGT_S64_L001_R1_001_novosort.log
4112,ACTCCAAATC,/lts/mblab/Crypto/rnaseq_data/align_expr/run_4112/Brent_ZeV_3_GTAC_42_SIC_Index07_ACTCCAAATC_GAGTTGGT_S56_L001_R1_001_sorted_aligned_reads.bam,/lts/mblab/Crypto/rnaseq_data/align_expr/run_4112/Brent_ZeV_3_GTAC_42_SIC_Index07_ACTCCAAATC_GAGTTGGT_S56_L001_R1_001_read_count.tsv,/lts/mblab/Crypto/rnaseq_data/align_expr/run_4112/Brent_ZeV_3_GTAC_42_SIC_Index07_ACTCCAAATC_GAGTTGGT_S56_L001_R1_001_htseq.log,/lts/mblab/Crypto/rnaseq_data/align_expr/run_4112/Brent_ZeV_3_GTAC_42_SIC_Index07_ACTCCAAATC_GAGTTGGT_S56_L001_R1_001_novoalign.log,/lts/mblab/Crypto/rnaseq_data/align_expr/run_4112/Brent_ZeV_3_GTAC_42_SIC_Index07_ACTCCAAATC_GAGTTGGT_S56_L001_R1_001_novosort.log
4112,TGATTACATC,/lts/mblab/Crypto/rnaseq_data/align_expr/run_4112/Brent_ZeV_25_GTAC_64_SIC_Index07_TGATTACATC_GAGTTGGT_S78_L001_R1_001_sorted_aligned_reads.bam,/lts/mblab/Crypto/rnaseq_data/align_expr/run_4112/Brent_ZeV_25_GTAC_64_SIC_Index07_TGATTACATC_GAGTTGGT_S78_L001_R1_001_read_count.tsv,/lts/mblab/Crypto/rnaseq_data/align_expr/run_4112/Brent_ZeV_25_GTAC_64_SIC_Index07_TGATTACATC_GAGTTGGT_S78_L001_R1_001_htseq.log,/lts/mblab/Crypto/rnaseq_data/align_expr/run_4112/Brent_ZeV_25_GTAC_64_SIC_Index07_TGATTACATC_GAGTTGGT_S78_L001_R1_001_novoalign.log,/lts/mblab/Crypto/rnaseq_data/align_expr/run_4112/Brent_ZeV_25_GTAC_64_SIC_Index07_TGATTACATC_GAGTTGGT_S78_L001_R1_001_novosort.log
4112,GGGTCAAATC,/lts/mblab/Crypto/rnaseq_data/align_expr/run_4112/Brent_ZeV_23_GTAC_62_SIC_Index07_GGGTCAAATC_GAGTTGGT_S76_L001_R1_001_sorted_aligned_reads.bam,/lts/mblab/Crypto/rnaseq_data/align_expr/run_4112/Brent_ZeV_23_GTAC_62_SIC_Index07_GGGTCAAATC_GAGTTGGT_S76_L001_R1_001_read_count.tsv,/lts/mblab/Crypto/rnaseq_data/align_expr/run_4112/Brent_ZeV_23_GTAC_62_SIC_Index07_GGGTCAAATC_GAGTTGGT_S76_L001_R1_001_htseq.log,/lts/mblab/Crypto/rnaseq_data/align_expr/run_4112/Brent_ZeV_23_GTAC_62_SIC_Index07_GGGTCAAATC_GAGTTGGT_S76_L001_R1_001_novoalign.log,/lts/mblab/Crypto/rnaseq_data/align_expr/run_4112/Brent_ZeV_23_GTAC_62_SIC_Index07_GGGTCAAATC_GAGTTGGT_S76_L001_R1_001_novosort.log
4112,CAAGCCGATC,/lts/mblab/Crypto/rnaseq_data/align_expr/run_4112/Brent_ZeV_22_GTAC_61_SIC_Index07_CAAGCCGATC_GAGTTGGT_S75_L001_R1_001_sorted_aligned_reads.bam,/lts/mblab/Crypto/rnaseq_data/align_expr/run_4112/Brent_ZeV_22_GTAC_61_SIC_Index07_CAAGCCGATC_GAGTTGGT_S75_L001_R1_001_read_count.tsv,/lts/mblab/Crypto/rnaseq_data/align_expr/run_4112/Brent_ZeV_22_GTAC_61_SIC_Index07_CAAGCCGATC_GAGTTGGT_S75_L001_R1_001_htseq.log,/lts/mblab/Crypto/rnaseq_data/align_expr/run_4112/Brent_ZeV_22_GTAC_61_SIC_Index07_CAAGCCGATC_GAGTTGGT_S75_L001_R1_001_novoalign.log,/lts/mblab/Crypto/rnaseq_data/align_expr/run_4112/Brent_ZeV_22_GTAC_61_SIC_Index07_CAAGCCGATC_GAGTTGGT_S75_L001_R1_001_novosort.log
4112,TCCGGGAATC,/lts/mblab/Crypto/rnaseq_data/align_expr/run_4112/Brent_ZeV_17_GTAC_56_SIC_Index07_TCCGGGAATC_GAGTTGGT_S70_L001_R1_001_sorted_aligned_reads.bam,/lts/mblab/Crypto/rnaseq_data/align_expr/run_4112/Brent_ZeV_17_GTAC_56_SIC_Index07_TCCGGGAATC_GAGTTGGT_S70_L001_R1_001_read_count.tsv,/lts/mblab/Crypto/rnaseq_data/align_expr/run_4112/Brent_ZeV_17_GTAC_56_SIC_Index07_TCCGGGAATC_GAGTTGGT_S70_L001_R1_001_htseq.log,/lts/mblab/Crypto/rnaseq_data/align_expr/run_4112/Brent_ZeV_17_GTAC_56_SIC_Index07_TCCGGGAATC_GAGTTGGT_S70_L001_R1_001_novoalign.log,/lts/mblab/Crypto/rnaseq_data/align_expr/run_4112/Brent_ZeV_17_GTAC_56_SIC_Index07_TCCGGGAATC_GAGTTGGT_S70_L001_R1_001_novosort.log
4112,TCGAGATATC,/lts/mblab/Crypto/rnaseq_data/align_expr/run_4112/Brent_ZeV_15_GTAC_54_SIC_Index07_TCGAGATATC_GAGTTGGT_S68_L001_R1_001_sorted_aligned_reads.bam,/lts/mblab/Crypto/rnaseq_data/align_expr/run_4112/Brent_ZeV_15_GTAC_54_SIC_Index07_TCGAGATATC_GAGTTGGT_S68_L001_R1_001_read_count.tsv,/lts/mblab/Crypto/rnaseq_data/align_expr/run_4112/Brent_ZeV_15_GTAC_54_SIC_Index07_TCGAGATATC_GAGTTGGT_S68_L001_R1_001_htseq.log,/lts/mblab/Crypto/rnaseq_data/align_expr/run_4112/Brent_ZeV_15_GTAC_54_SIC_Index07_TCGAGATATC_GAGTTGGT_S68_L001_R1_001_novoalign.log,/lts/mblab/Crypto/rnaseq_data/align_expr/run_4112/Brent_ZeV_15_GTAC_54_SIC_Index07_TCGAGATATC_GAGTTGGT_S68_L001_R1_001_novosort.log
4112,GTAAAAAATC,/lts/mblab/Crypto/rnaseq_data/align_expr/run_4112/Brent_ZeV_9_GTAC_48_SIC_Index07_GTAAAAAATC_GAGTTGGT_S62_L001_R1_001_sorted_aligned_reads.bam,/lts/mblab/Crypto/rnaseq_data/align_expr/run_4112/Brent_ZeV_9_GTAC_48_SIC_Index07_GTAAAAAATC_GAGTTGGT_S62_L001_R1_001_read_count.tsv,/lts/mblab/Crypto/rnaseq_data/align_expr/run_4112/Brent_ZeV_9_GTAC_48_SIC_Index07_GTAAAAAATC_GAGTTGGT_S62_L001_R1_001_htseq.log,/lts/mblab/Crypto/rnaseq_data/align_expr/run_4112/Brent_ZeV_9_GTAC_48_SIC_Index07_GTAAAAAATC_GAGTTGGT_S62_L001_R1_001_novoalign.log,/lts/mblab/Crypto/rnaseq_data/align_expr/run_4112/Brent_ZeV_9_GTAC_48_SIC_Index07_GTAAAAAATC_GAGTTGGT_S62_L001_R1_001_novosort.log
4112,GACACAGATC,/lts/mblab/Crypto/rnaseq_data/align_expr/run_4112/Brent_ZeV_27_GTAC_66_SIC_Index07_GACACAGATC_GAGTTGGT_S80_L001_R1_001_sorted_aligned_reads.bam,/lts/mblab/Crypto/rnaseq_data/align_expr/run_4112/Brent_ZeV_27_GTAC_66_SIC_Index07_GACACAGATC_GAGTTGGT_S80_L001_R1_001_read_count.tsv,/lts/mblab/Crypto/rnaseq_data/align_expr/run_4112/Brent_ZeV_27_GTAC_66_SIC_Index07_GACACAGATC_GAGTTGGT_S80_L001_R1_001_htseq.log,/lts/mblab/Crypto/rnaseq_data/align_expr/run_4112/Brent_ZeV_27_GTAC_66_SIC_Index07_GACACAGATC_GAGTTGGT_S80_L001_R1_001_novoalign.log,/lts/mblab/Crypto/rnaseq_data/align_expr/run_4112/Brent_ZeV_27_GTAC_66_SIC_Index07_GACACAGATC_GAGTTGGT_S80_L001_R1_001_novosort.log
4112,GTACGGCATC,/lts/mblab/Crypto/rnaseq_data/align_expr/run_4112/Brent_ZeV_1_GTAC_40_SIC_Index07_GTACGGCATC_GAGTTGGT_S54_L001_R1_001_sorted_aligned_reads.bam,/lts/mblab/Crypto/rnaseq_data/align_expr/run_4112/Brent_ZeV_1_GTAC_40_SIC_Index07_GTACGGCATC_GAGTTGGT_S54_L001_R1_001_read_count.tsv,/lts/mblab/Crypto/rnaseq_data/align_expr/run_4112/Brent_ZeV_1_GTAC_40_SIC_Index07_GTACGGCATC_GAGTTGGT_S54_L001_R1_001_htseq.log,/lts/mblab/Crypto/rnaseq_data/align_expr/run_4112/Brent_ZeV_1_GTAC_40_SIC_Index07_GTACGGCATC_GAGTTGGT_S54_L001_R1_001_novoalign.log,/lts/mblab/Crypto/rnaseq_data/align_expr/run_4112/Brent_ZeV_1_GTAC_40_SIC_Index07_GTACGGCATC_GAGTTGGT_S54_L001_R1_001_novosort.log
4112,GTCTGATATC,/lts/mblab/Crypto/rnaseq_data/align_expr/run_4112/Brent_ZeV_10_GTAC_49_SIC_Index07_GTCTGATATC_GAGTTGGT_S63_L001_R1_001_sorted_aligned_reads.bam,/lts/mblab/Crypto/rnaseq_data/align_expr/run_4112/Brent_ZeV_10_GTAC_49_SIC_Index07_GTCTGATATC_GAGTTGGT_S63_L001_R1_001_read_count.tsv,/lts/mblab/Crypto/rnaseq_data/align_expr/run_4112/Brent_ZeV_10_GTAC_49_SIC_Index07_GTCTGATATC_GAGTTGGT_S63_L001_R1_001_htseq.log,/lts/mblab/Crypto/rnaseq_data/align_expr/run_4112/Brent_ZeV_10_GTAC_49_SIC_Index07_GTCTGATATC_GAGTTGGT_S63_L001_R1_001_novoalign.log,/lts/mblab/Crypto/rnaseq_data/align_expr/run_4112/Brent_ZeV_10_GTAC_49_SIC_Index07_GTCTGATATC_GAGTTGGT_S63_L001_R1_001_novosort.log
4112,TGAGGTTATC,/lts/mblab/Crypto/rnaseq_data/align_expr/run_4112/Brent_ZeV_28_GTAC_1_SIC_Index07_TGAGGTTATC_GAGTTGGT_S81_L001_R1_001_sorted_aligned_reads.bam,/lts/mblab/Crypto/rnaseq_data/align_expr/run_4112/Brent_ZeV_28_GTAC_1_SIC_Index07_TGAGGTTATC_GAGTTGGT_S81_L001_R1_001_read_count.tsv,/lts/mblab/Crypto/rnaseq_data/align_expr/run_4112/Brent_ZeV_28_GTAC_1_SIC_Index07_TGAGGTTATC_GAGTTGGT_S81_L001_R1_001_htseq.log,/lts/mblab/Crypto/rnaseq_data/align_expr/run_4112/Brent_ZeV_28_GTAC_1_SIC_Index07_TGAGGTTATC_GAGTTGGT_S81_L001_R1_001_novoalign.log,/lts/mblab/Crypto/rnaseq_data/align_expr/run_4112/Brent_ZeV_28_GTAC_1_SIC_Index07_TGAGGTTATC_GAGTTGGT_S81_L001_R1_001_novosort.log
4112,GCAACGCATC,/lts/mblab/Crypto/rnaseq_data/align_expr/run_4112/Brent_ZeV_24_GTAC_63_SIC_Index07_GCAACGCATC_GAGTTGGT_S77_L001_R1_001_sorted_aligned_reads.bam,/lts/mblab/Crypto/rnaseq_data/align_expr/run_4112/Brent_ZeV_24_GTAC_63_SIC_Index07_GCAACGCATC_GAGTTGGT_S77_L001_R1_001_read_count.tsv,/lts/mblab/Crypto/rnaseq_data/align_expr/run_4112/Brent_ZeV_24_GTAC_63_SIC_Index07_GCAACGCATC_GAGTTGGT_S77_L001_R1_001_htseq.log,/lts/mblab/Crypto/rnaseq_data/align_expr/run_4112/Brent_ZeV_24_GTAC_63_SIC_Index07_GCAACGCATC_GAGTTGGT_S77_L001_R1_001_novoalign.log,/lts/mblab/Crypto/rnaseq_data/align_expr/run_4112/Brent_ZeV_24_GTAC_63_SIC_Index07_GCAACGCATC_GAGTTGGT_S77_L001_R1_001_novosort.log
4112,ATGTTCTATC,/lts/mblab/Crypto/rnaseq_data/align_expr/run_4112/Brent_ZeV_8_GTAC_47_SIC_Index07_ATGTTCTATC_GAGTTGGT_S61_L001_R1_001_sorted_aligned_reads.bam,/lts/mblab/Crypto/rnaseq_data/align_expr/run_4112/Brent_ZeV_8_GTAC_47_SIC_Index07_ATGTTCTATC_GAGTTGGT_S61_L001_R1_001_read_count.tsv,/lts/mblab/Crypto/rnaseq_data/align_expr/run_4112/Brent_ZeV_8_GTAC_47_SIC_Index07_ATGTTCTATC_GAGTTGGT_S61_L001_R1_001_htseq.log,/lts/mblab/Crypto/rnaseq_data/align_expr/run_4112/Brent_ZeV_8_GTAC_47_SIC_Index07_ATGTTCTATC_GAGTTGGT_S61_L001_R1_001_novoalign.log,/lts/mblab/Crypto/rnaseq_data/align_expr/run_4112/Brent_ZeV_8_GTAC_47_SIC_Index07_ATGTTCTATC_GAGTTGGT_S61_L001_R1_001_novosort.log
4112,TGTGCCAATC,/lts/mblab/Crypto/rnaseq_data/align_expr/run_4112/Brent_ZeV_4_GTAC_43_SIC_Index07_TGTGCCAATC_GAGTTGGT_S57_L001_R1_001_sorted_aligned_reads.bam,/lts/mblab/Crypto/rnaseq_data/align_expr/run_4112/Brent_ZeV_4_GTAC_43_SIC_Index07_TGTGCCAATC_GAGTTGGT_S57_L001_R1_001_read_count.tsv,/lts/mblab/Crypto/rnaseq_data/align_expr/run_4112/Brent_ZeV_4_GTAC_43_SIC_Index07_TGTGCCAATC_GAGTTGGT_S57_L001_R1_001_htseq.log,/lts/mblab/Crypto/rnaseq_data/align_expr/run_4112/Brent_ZeV_4_GTAC_43_SIC_Index07_TGTGCCAATC_GAGTTGGT_S57_L001_R1_001_novoalign.log,/lts/mblab/Crypto/rnaseq_data/align_expr/run_4112/Brent_ZeV_4_GTAC_43_SIC_Index07_TGTGCCAATC_GAGTTGGT_S57_L001_R1_001_novosort.log
4112,TTGCCCCATC,/lts/mblab/Crypto/rnaseq_data/align_expr/run_4112/Brent_ZeV_2_GTAC_41_SIC_Index07_TTGCCCCATC_GAGTTGGT_S55_L001_R1_001_sorted_aligned_reads.bam,/lts/mblab/Crypto/rnaseq_data/align_expr/run_4112/Brent_ZeV_2_GTAC_41_SIC_Index07_TTGCCCCATC_GAGTTGGT_S55_L001_R1_001_read_count.tsv,/lts/mblab/Crypto/rnaseq_data/align_expr/run_4112/Brent_ZeV_2_GTAC_41_SIC_Index07_TTGCCCCATC_GAGTTGGT_S55_L001_R1_001_htseq.log,/lts/mblab/Crypto/rnaseq_data/align_expr/run_4112/Brent_ZeV_2_GTAC_41_SIC_Index07_TTGCCCCATC_GAGTTGGT_S55_L001_R1_001_novoalign.log,/lts/mblab/Crypto/rnaseq_data/align_expr/run_4112/Brent_ZeV_2_GTAC_41_SIC_Index07_TTGCCCCATC_GAGTTGGT_S55_L001_R1_001_novosort.log
4112,CTCCCGAATC,/lts/mblab/Crypto/rnaseq_data/align_expr/run_4112/Brent_ZeV_12_GTAC_51_SIC_Index07_CTCCCGAATC_GAGTTGGT_S65_L001_R1_001_sorted_aligned_reads.bam,/lts/mblab/Crypto/rnaseq_data/align_expr/run_4112/Brent_ZeV_12_GTAC_51_SIC_Index07_CTCCCGAATC_GAGTTGGT_S65_L001_R1_001_read_count.tsv,/lts/mblab/Crypto/rnaseq_data/align_expr/run_4112/Brent_ZeV_12_GTAC_51_SIC_Index07_CTCCCGAATC_GAGTTGGT_S65_L001_R1_001_htseq.log,/lts/mblab/Crypto/rnaseq_data/align_expr/run_4112/Brent_ZeV_12_GTAC_51_SIC_Index07_CTCCCGAATC_GAGTTGGT_S65_L001_R1_001_novoalign.log,/lts/mblab/Crypto/rnaseq_data/align_expr/run_4112/Brent_ZeV_12_GTAC_51_SIC_Index07_CTCCCGAATC_GAGTTGGT_S65_L001_R1_001_novosort.log
4112,CATTTAGATC,/lts/mblab/Crypto/rnaseq_data/align_expr/run_4112/Brent_ZeV_16_GTAC_55_SIC_Index07_CATTTAGATC_GAGTTGGT_S69_L001_R1_001_sorted_aligned_reads.bam,/lts/mblab/Crypto/rnaseq_data/align_expr/run_4112/Brent_ZeV_16_GTAC_55_SIC_Index07_CATTTAGATC_GAGTTGGT_S69_L001_R1_001_read_count.tsv,/lts/mblab/Crypto/rnaseq_data/align_expr/run_4112/Brent_ZeV_16_GTAC_55_SIC_Index07_CATTTAGATC_GAGTTGGT_S69_L001_R1_001_htseq.log,/lts/mblab/Crypto/rnaseq_data/align_expr/run_4112/Brent_ZeV_16_GTAC_55_SIC_Index07_CATTTAGATC_GAGTTGGT_S69_L001_R1_001_novoalign.log,/lts/mblab/Crypto/rnaseq_data/align_expr/run_4112/Brent_ZeV_16_GTAC_55_SIC_Index07_CATTTAGATC_GAGTTGGT_S69_L001_R1_001_novosort.log
4112,TAGGTAAATC,/lts/mblab/Crypto/rnaseq_data/align_expr/run_4112/Brent_ZeV_14_GTAC_53_SIC_Index07_TAGGTAAATC_GAGTTGGT_S67_L001_R1_001_sorted_aligned_reads.bam,/lts/mblab/Crypto/rnaseq_data/align_expr/run_4112/Brent_ZeV_14_GTAC_53_SIC_Index07_TAGGTAAATC_GAGTTGGT_S67_L001_R1_001_read_count.tsv,/lts/mblab/Crypto/rnaseq_data/align_expr/run_4112/Brent_ZeV_14_GTAC_53_SIC_Index07_TAGGTAAATC_GAGTTGGT_S67_L001_R1_001_htseq.log,/lts/mblab/Crypto/rnaseq_data/align_expr/run_4112/Brent_ZeV_14_GTAC_53_SIC_Index07_TAGGTAAATC_GAGTTGGT_S67_L001_R1_001_novoalign.log,/lts/mblab/Crypto/rnaseq_data/align_expr/run_4112/Brent_ZeV_14_GTAC_53_SIC_Index07_TAGGTAAATC_GAGTTGGT_S67_L001_R1_001_novosort.log
